id,competitor,country,title,description,bonus_amount,bonus_type,conditions,valid_until,url,scraped_at,hash_id,is_active,created_at
111,888 Casino,KU,"888 Casino Canada | Fast Login and Secure Registration
Sign InSign UpConnectNo Deposit Bonus – C$88 ","888 Casino Canada | Fast Login and Secure Registration
Sign InSign UpConnectNo Deposit Bonus – C$88 FreeGET BONUSLog in 888Casino Official Ready for a thrill? 888 Casino is your gateway to top-tier online gaming in Canada",$88,Deposit Bonus,,,https://888-casino.org,2025-09-30T10:16:10.466057,695825573547626007,1,2025-09-30 08:17:31
157,888 Casino,KU,"888 Casino Canada | Fast Login and Secure Registration
Sign InSign UpConnectNo Deposit Bonus – C$88 ","888 Casino Canada | Fast Login and Secure Registration
Sign InSign UpConnectNo Deposit Bonus – C$88 FreeGET BONUSLog in 888Casino Official Ready for a thrill? 888 Casino is your gateway to top-tier online gaming in Canada",$88,Deposit Bonus,,,https://888-casino.org,2025-09-30T10:27:33.471187,7664597018376805764,1,2025-09-30 08:28:28
115,CasinoMega,KU,"










































Online Casino Bonuses - Sport Betting Bonuses | CasinoMeg","










































Online Casino Bonuses - Sport Betting Bonuses | CasinoMega






 

































































Login


Register






                                VIP
                            




en
pl
de
ar
ch
























                        Casino
                    




                        Live Casino
                    




                        Sports
                    




            ",€500,Welcome Bonus,,,https://casinomega.com/welcome-bonus,2025-09-30T10:18:01.860444,-290982260724601727,1,2025-09-30 08:17:31
113,CasinoMega,KU,"










































The Best Online Casino Games - Online Casino | CasinoMega","










































The Best Online Casino Games - Online Casino | CasinoMega






 


































































Login


Register






                                VIP
                            




en
pl
de
ar
ch
























                        Casino
                    




                        Live Casino
                    




                        Sports
                    




            ",,Other,,,https://casinomega.com/tournaments,2025-09-30T10:18:03.368626,-4174357552481642681,1,2025-09-30 08:17:31
160,CasinoMega,KU,"










































The Best Online Casino Games - Online Casino | CasinoMega","










































The Best Online Casino Games - Online Casino | CasinoMega






 


































































Login


Register






                                VIP
                            




en
pl
de
ar
ch
























                        Casino
                    




                        Live Casino
                    




                        Sports
                    




            ",,Other,,,https://www.casinomega.com,2025-09-30T10:27:57.869205,4684927259779143434,1,2025-09-30 08:28:28
114,CasinoMega,KU,"
Bonus Çevrim Şartları
Bahis sitelerinin asla vazgeçilmez kampanyaları vardır","
Bonus Çevrim Şartları
Bahis sitelerinin asla vazgeçilmez kampanyaları vardır",,Other,,,https://www.casinomega.net,2025-09-30T10:17:54.652415,9187084169199677598,1,2025-09-30 08:17:31
159,CasinoMega,KU,"    Casinomega — Login, Bonus AU$1000 + 180 Free Spins                                 Games Live Ca","    Casinomega — Login, Bonus AU$1000 + 180 Free Spins                                 Games Live Casino Spots Betting Bonuses    Login Sign Up                     Login Sign Up    Games Live Casino Spots Betting Bonuses           Casinomega Step into the world of Casinomega, where Aussie players discover a thrilling gaming experience tailored just for them",$1000,Free Spins,,,https://www.casinomega.bet,2025-09-30T10:27:58.166633,4886562160366343161,1,2025-09-30 08:28:28
112,CoinCasino,KU,"    Coin Casino — Login, Get up to €1,000 + 100 FS                                       Games Sport","    Coin Casino — Login, Get up to €1,000 + 100 FS                                       Games Sport Cybersport Promo Tournaments Lotteries   Login Sign Up                       Login Sign Up   Games Sport Cybersport Promo Tournaments Lotteries       Coincasino Coincasino stands as one of the most innovative and player-focused online casinos in the UK market today","€1,000",Tournament,,,https://coincasino.casino,2025-09-30T10:17:33.432044,613897891341547160,1,2025-09-30 08:17:31
158,CoinCasino,KU,"    Coin Casino — Login, Get up to €1,000 + 100 FS                                       Games Sport","    Coin Casino — Login, Get up to €1,000 + 100 FS                                       Games Sport Cybersport Promo Tournaments Lotteries   Login Sign Up                       Login Sign Up   Games Sport Cybersport Promo Tournaments Lotteries       Coincasino Coincasino stands as one of the most innovative and player-focused online casinos in the UK market today","€1,000",Tournament,,,https://www.coincasino.casino,2025-09-30T10:27:36.259697,8001430632239737446,1,2025-09-30 08:28:28
